-0.04379242658615112,-0.03215709701180458,0.001469457522034645
-0.04369986802339554,-0.03208987042307854,0.0014392416924238205
-0.04364698752760887,-0.03202473744750023,0.0014042668044567108
-0.04363187402486801,-0.032028183341026306,0.0013658609241247177
-0.043641347438097,-0.03198515996336937,0.0014095045626163483
-0.0436834953725338,-0.03189633786678314,0.0014291144907474518
-0.043605413287878036,-0.031864844262599945,0.0014370884746313095
-0.04353175684809685,-0.031866803765296936,0.0014762766659259796
-0.04344091936945915,-0.03192274644970894,0.0014884937554597855
-0.04340510070323944,-0.0319749191403389,0.0014662444591522217
-0.04342273995280266,-0.03202808275818825,0.001368766650557518
-0.0434093251824379,-0.03208336979150772,0.0013216640800237656
-0.0432211309671402,-0.032122544944286346,0.0012131165713071823
-0.043070945888757706,-0.03218574449419975,0.0011366605758666992
-0.04299622029066086,-0.032276153564453125,0.0010712575167417526
-0.04297005012631416,-0.03230723366141319,0.0010675042867660522
-0.04291423782706261,-0.032362163066864014,0.0010621584951877594
-0.04284784942865372,-0.0324210450053215,0.0010836292058229446
-0.04264121130108833,-0.03247642144560814,0.0010596457868814468
-0.04242848604917526,-0.0325205959379673,0.0010269694030284882
-0.042374249547719955,-0.032566141337156296,0.0010342095047235489
-0.04238314554095268,-0.032507944852113724,0.0011372361332178116
-0.04248674213886261,-0.032374147325754166,0.0011977888643741608
-0.042480286210775375,-0.03226429969072342,0.001232597976922989
-0.042378831654787064,-0.03222396597266197,0.0012475010007619858
-0.04237792640924454,-0.03215092420578003,0.001240251585841179
-0.04243101179599762,-0.03215746209025383,0.0012779198586940765
-0.04254825785756111,-0.032147981226444244,0.0012656841427087784
-0.04263357073068619,-0.03214947134256363,0.0012519322335720062
-0.04265396296977997,-0.03220091015100479,0.0012653786689043045
-0.0425989031791687,-0.03217250853776932,0.0013129804283380508
-0.04263737052679062,-0.03214026242494583,0.0013530254364013672
-0.042590998113155365,-0.032182615250349045,0.001322949305176735
-0.04255771264433861,-0.03211643919348717,0.0012553725391626358
-0.042557243257761,-0.032024770975112915,0.0011978726834058762
-0.042460206896066666,-0.032036617398262024,0.0012410283088684082
-0.042352642863988876,-0.03205994516611099,0.001280505210161209
-0.04229673370718956,-0.03204457089304924,0.0013274624943733215
-0.04232832044363022,-0.0319962278008461,0.0013160761445760727
-0.04243248701095581,-0.03197406232357025,0.0013283360749483109
-0.04257122799754143,-0.03200620785355568,0.0013428088277578354
-0.04257485270500183,-0.032011717557907104,0.0013375971466302872
-0.04258515685796738,-0.032005611807107925,0.0013123098760843277
-0.04258948564529419,-0.03201582282781601,0.0012902617454528809
-0.04262303560972214,-0.03193734586238861,0.0012771952897310257
-0.04263167828321457,-0.031908512115478516,0.0013305451720952988
-0.04263325408101082,-0.031838443130254745,0.0013871937990188599
-0.042620059102773666,-0.031856536865234375,0.0013817567378282547
-0.042651861906051636,-0.0318106971681118,0.001318030059337616
-0.04262224957346916,-0.03182225674390793,0.00134340301156044
-0.04265555739402771,-0.031976811587810516,0.0013261344283819199
-0.04267197102308273,-0.03199118375778198,0.0013312827795743942
-0.04273484647274017,-0.031879544258117676,0.0013605952262878418
-0.04276643693447113,-0.031866446137428284,0.0013855807483196259
-0.04279865697026253,-0.03180869296193123,0.0014697890728712082
-0.04281909391283989,-0.03177814185619354,0.0014983415603637695
-0.04292796552181244,-0.031766097992658615,0.0015088412910699844
-0.04292972758412361,-0.03176653012633324,0.0014547407627105713
-0.042746204882860184,-0.03181443363428116,0.0014024898409843445
-0.04267704486846924,-0.03188052028417587,0.0014228057116270065
-0.04273809492588043,-0.0318596176803112,0.0014948323369026184
-0.04279237240552902,-0.031848106533288956,0.0015791095793247223
-0.04286733642220497,-0.031724803149700165,0.0016038045287132263
-0.04292832314968109,-0.03165338188409805,0.0015815086662769318
-0.04306889325380325,-0.03169403225183487,0.00159548781812191
-0.04317908361554146,-0.031772587448358536,0.0015086904168128967
-0.043285906314849854,-0.0317760668694973,0.001463674008846283
-0.043263036757707596,-0.031816355884075165,0.0014573000371456146
-0.043250199407339096,-0.03178035095334053,0.0015137270092964172
-0.04326245188713074,-0.031649962067604065,0.0015925057232379913
-0.04336857423186302,-0.031502362340688705,0.0017247609794139862
-0.04349805787205696,-0.03141479939222336,0.0015929285436868668
-0.04379454255104065,-0.03125154972076416,0.0012339483946561813
-0.04395654797554016,-0.031116895377635956,0.0009367577731609344
-0.043898507952690125,-0.031196365132927895,0.0007441937923431396
-0.04372316226363182,-0.03139924630522728,0.0006797146052122116
-0.04355286806821823,-0.031467825174331665,0.0007226243615150452
-0.04362403228878975,-0.031565163284540176,0.0008081682026386261
-0.043666474521160126,-0.0315689779818058,0.0009046215564012527
-0.04360950365662575,-0.03142441436648369,0.0010723397135734558
-0.043597400188446045,-0.031314417719841,0.0011657997965812683
-0.04367789626121521,-0.03122829645872116,0.0011887885630130768
-0.04363267868757248,-0.031200233846902847,0.001147603616118431
-0.04601616784930229,-0.03191215544939041,-0.007492367178201675
-0.03391198813915253,-0.03578159213066101,-0.07633961737155914
-0.009364478290081024,-0.041357122361660004,-0.1796826869249344
-0.009364478290081024,-0.041357122361660004,-0.1796826869249344
0.01868307963013649,-0.04612808674573898,-0.28284913301467896
0.028841033577919006,-0.04546748101711273,-0.3699221611022949
-0.01357068307697773,-0.028727300465106964,-0.46962636709213257
-0.04633234441280365,-0.019566815346479416,-0.5396069884300232
-0.04412556067109108,-0.018478501588106155,-0.576496422290802
0.04181964322924614,-0.01581479236483574,-0.6387754082679749
0.08213981986045837,-0.012704167515039444,-0.6587175726890564
0.12185326963663101,-0.0079468609765172,-0.6578381061553955
0.15549629926681519,-0.003214791417121887,-0.6585808992385864
0.1741313338279724,1.4876946806907654e-05,-0.6599897146224976
0.1937139481306076,0.030574413016438484,-0.6660797595977783
0.20701885223388672,0.05345890671014786,-0.6671791076660156
0.2227490246295929,0.08927631378173828,-0.665674090385437
0.23433628678321838,0.13751815259456635,-0.6638352274894714
0.24268385767936707,0.17809836566448212,-0.6636289358139038
0.24921497702598572,0.18314491212368011,-0.6640984416007996
0.260125994682312,0.1839345097541809,-0.6658029556274414
0.27049174904823303,0.1889485865831375,-0.6681922674179077
0.2802347242832184,0.19376172125339508,-0.6714933514595032
0.3004067540168762,0.19879962503910065,-0.6743288636207581
0.31955981254577637,0.20077739655971527,-0.6773297190666199
0.3477078080177307,0.2019164264202118,-0.679600179195404
0.38742053508758545,0.2027513086795807,-0.6826993823051453
0.43819698691368103,0.20463503897190094,-0.687410831451416
0.4948883354663849,0.20721641182899475,-0.6924884915351868
0.5622155666351318,0.21301928162574768,-0.699047327041626
0.6324275732040405,0.2199711799621582,-0.708354115486145
0.703475832939148,0.2275378704071045,-0.7131623029708862
0.7729603052139282,0.23725149035453796,-0.7060751914978027
0.8472988605499268,0.24798589944839478,-0.7013077735900879
0.9272404909133911,0.25971782207489014,-0.6982235312461853
1.0069022178649902,0.26085254549980164,-0.6976542472839355
1.0895181894302368,0.25026360154151917,-0.7001649141311646
1.168509840965271,0.2439570128917694,-0.7029514908790588
1.243548035621643,0.2431054413318634,-0.7056437134742737
1.317954659461975,0.2506786286830902,-0.7083846926689148
1.3920704126358032,0.26168182492256165,-0.7088044285774231
1.4621487855911255,0.27524301409721375,-0.7096729278564453
1.5356688499450684,0.28515928983688354,-0.7098591923713684
1.6002843379974365,0.2967425286769867,-0.7096555829048157
1.6563209295272827,0.30249786376953125,-0.7125962972640991
1.6932212114334106,0.30275723338127136,-0.7147045731544495
1.7200806140899658,0.2951037287712097,-0.7143786549568176
1.7394574880599976,0.2836979031562805,-0.7146161198616028
1.75542151927948,0.2775038480758667,-0.7142569422721863
1.7836486101150513,0.2767728567123413,-0.7125566005706787
1.82355797290802,0.2888379991054535,-0.7119671702384949
1.870751976966858,0.29867473244667053,-0.7102636098861694
1.921707272529602,0.2927097678184509,-0.7092106342315674
1.9849803447723389,0.2767047584056854,-0.7061246633529663
2.063324213027954,0.25182294845581055,-0.7013899683952332
2.14343523979187,0.23042179644107819,-0.7012162804603577
2.239372730255127,0.21116895973682404,-0.7046722769737244
2.345113515853882,0.20268970727920532,-0.710303783416748
2.4498281478881836,0.1947147250175476,-0.7131863832473755
2.5497939586639404,0.1853385716676712,-0.7154043316841125
2.654144525527954,0.17410703003406525,-0.7181069254875183
2.7538957595825195,0.1658661663532257,-0.7237756252288818
2.833467721939087,0.15084925293922424,-0.7302623391151428
2.8783247470855713,0.14869996905326843,-0.7318943738937378
2.8935728073120117,0.1543964445590973,-0.7298008799552917
2.913487434387207,0.15635326504707336,-0.7242602109909058
2.947815179824829,0.15376009047031403,-0.7182266712188721
3.006962299346924,0.1413440704345703,-0.7128846645355225
3.0946905612945557,0.12967459857463837,-0.708552360534668
3.19326114654541,0.12766334414482117,-0.7098352313041687
3.2897872924804688,0.12940344214439392,-0.7092606425285339
3.3861773014068604,0.13128690421581268,-0.7138084173202515
3.4901366233825684,0.12336273491382599,-0.7161061763763428
3.6056160926818848,0.11825357377529144,-0.7208504676818848
3.7032456398010254,0.1300649642944336,-0.7224615812301636
3.779541492462158,0.13724249601364136,-0.7243693470954895
3.8192200660705566,0.1459633857011795,-0.7234929800033569
3.8337302207946777,0.13731925189495087,-0.7204137444496155
3.8439555168151855,0.11983714997768402,-0.7174994349479675
3.848740577697754,0.10901246964931488,-0.7131314277648926
3.851203441619873,0.11111263930797577,-0.7072327136993408
3.8542561531066895,0.12205623835325241,-0.707301139831543
3.8562419414520264,0.1449924111366272,-0.710620641708374
3.8545103073120117,0.16146254539489746,-0.7126409411430359
3.8525454998016357,0.1640961766242981,-0.7117528319358826
3.8535611629486084,0.1594211310148239,-0.7091426849365234
3.853013753890991,0.15533217787742615,-0.7080978751182556
3.85542893409729,0.15108026564121246,-0.7114228010177612
3.8622615337371826,0.15500405430793762,-0.7132105231285095
3.8751285076141357,0.1634560078382492,-0.7144576907157898
3.8887712955474854,0.16975678503513336,-0.714981198310852
3.9162144660949707,0.1825900375843048,-0.7136377692222595
3.95648193359375,0.20147348940372467,-0.712853729724884
4.017506122589111,0.21416276693344116,-0.7129854559898376
4.102994441986084,0.22553256154060364,-0.7126521468162537
4.18830680847168,0.22451554238796234,-0.713547945022583
4.263567924499512,0.2175697684288025,-0.7165334820747375
4.340205192565918,0.20664305984973907,-0.7186270952224731
4.414393901824951,0.19523563981056213,-0.7206776142120361
4.452056884765625,0.18370991945266724,-0.7219220399856567
4.464076519012451,0.17920586466789246,-0.7211601138114929
4.4750237464904785,0.17438845336437225,-0.7178409099578857
4.480857849121094,0.1637333184480667,-0.7142859101295471
4.479217529296875,0.15284684300422668,-0.7124775052070618
4.474696636199951,0.1482250988483429,-0.7103621363639832
4.47416353225708,0.1441056728363037,-0.7036429047584534
4.479611396789551,0.14737112820148468,-0.6974512934684753
4.480230331420898,0.1519167423248291,-0.6924436092376709
4.480835437774658,0.14842993021011353,-0.6907351613044739
4.489687919616699,0.1478123813867569,-0.688990592956543
4.4931745529174805,0.14915989339351654,-0.6912204027175903
4.494325160980225,0.15484504401683807,-0.6923982501029968
4.49904203414917,0.1619402915239334,-0.6918779611587524
4.508671283721924,0.16263467073440552,-0.6895164847373962
4.503418922424316,0.17041999101638794,-0.6888309717178345
4.482036590576172,0.17807775735855103,-0.6912512183189392
4.457876205444336,0.18696357309818268,-0.6975085735321045
4.437376022338867,0.18337954580783844,-0.7011201977729797
4.430880069732666,0.18128715455532074,-0.7029834985733032
4.435718536376953,0.1746945083141327,-0.7060561776161194
4.440986156463623,0.16332319378852844,-0.7076586484909058
4.4419097900390625,0.1593070775270462,-0.7093215584754944
4.440732479095459,0.1514078676700592,-0.7096182107925415
4.444255828857422,0.14443886280059814,-0.7079635858535767
4.453996181488037,0.13552650809288025,-0.6908823251724243
4.4657979011535645,0.13107112050056458,-0.6731165647506714
4.4888811111450195,0.12504979968070984,-0.6557372808456421
4.526505470275879,0.12027250975370407,-0.6329666972160339
4.571436405181885,0.1193520724773407,-0.6100103259086609
4.603575229644775,0.1144440621137619,-0.5899754762649536
4.606876850128174,0.10595168173313141,-0.5661599636077881
4.5987091064453125,0.08047924935817719,-0.538426399230957
4.588717937469482,0.047340087592601776,-0.5185942649841309
4.5745849609375,0.0027068406343460083,-0.4974944591522217
4.571630954742432,-0.030510496348142624,-0.47819027304649353
4.580868721008301,-0.03979545459151268,-0.4620552957057953
4.583873748779297,-0.07587121427059174,-0.44392716884613037
4.589776992797852,-0.14440882205963135,-0.4230920970439911
4.592211723327637,-0.23940825462341309,-0.40146926045417786
4.592688083648682,-0.34999319911003113,-0.3789100646972656
4.610771656036377,-0.46272605657577515,-0.35877126455307007
4.630314826965332,-0.5526964664459229,-0.34307679533958435
4.634716033935547,-0.5972340703010559,-0.3283924460411072
4.633794784545898,-0.6107663512229919,-0.3162662982940674
4.632950305938721,-0.635218620300293,-0.30005326867103577
4.630578994750977,-0.6833781599998474,-0.2819741666316986
4.632180213928223,-0.745193600654602,-0.26771435141563416
4.63125467300415,-0.823159396648407,-0.2563740909099579
4.635965347290039,-0.9108799695968628,-0.2590990662574768
4.652406215667725,-1.005202293395996,-0.25979411602020264
4.660247802734375,-1.071037769317627,-0.255890429019928
4.664437770843506,-1.098300576210022,-0.23337316513061523
4.673501014709473,-1.093851923942566,-0.2093193531036377
4.672016143798828,-1.0932071208953857,-0.19236314296722412
4.672343730926514,-1.0931403636932373,-0.18891087174415588
4.672091960906982,-1.119777798652649,-0.18691003322601318
4.688544273376465,-1.1899776458740234,-0.1837422400712967
4.71640682220459,-1.250910758972168,-0.1746661216020584
4.741004467010498,-1.2622089385986328,-0.1352311670780182
4.744571685791016,-1.260215163230896,-0.11483828723430634
4.734763145446777,-1.2369998693466187,-0.12444080412387848
4.717238426208496,-1.2084194421768188,-0.026537233963608742
4.7015767097473145,-1.1834815740585327,0.09327811747789383
4.714385032653809,-1.1811943054199219,0.1857386827468872
4.731602668762207,-1.1885088682174683,0.2521166503429413
4.759596347808838,-1.2018101215362549,0.3030852675437927
4.757992744445801,-1.2077077627182007,0.37758347392082214
4.751700401306152,-1.2167696952819824,0.4902956187725067
4.786354064941406,-1.2179832458496094,0.6069307923316956
4.898410320281982,-1.2095712423324585,0.728696882724762
5.016451358795166,-1.1945736408233643,0.8589500188827515
5.107283592224121,-1.182246446609497,0.9874398708343506
5.154649257659912,-1.1734204292297363,1.1174191236495972
5.168577671051025,-1.1662795543670654,1.24032461643219
5.252111911773682,-1.1626768112182617,1.3738642930984497
5.349952220916748,-1.156505823135376,1.5149320363998413
5.452055931091309,-1.1496374607086182,1.6584089994430542
5.539636611938477,-1.1434227228164673,1.7940921783447266
5.552176475524902,-1.1307778358459473,1.8956080675125122
5.512474536895752,-1.1290769577026367,1.952377438545227
5.443126201629639,-1.1410393714904785,1.9392601251602173
5.384485721588135,-1.1560496091842651,1.8979650735855103
5.325068950653076,-1.176377296447754,1.8387051820755005
5.316919803619385,-1.189902901649475,1.7882730960845947
5.33764123916626,-1.1928019523620605,1.759660243988037
5.344158172607422,-1.2008411884307861,1.7327615022659302
5.361639022827148,-1.2166471481323242,1.7144087553024292
5.36773157119751,-1.228678822517395,1.7036826610565186
5.35638952255249,-1.229266881942749,1.6770851612091064
5.325191020965576,-1.2208738327026367,1.6035710573196411
5.306572437286377,-1.2177047729492188,1.5539366006851196
5.297379493713379,-1.211310863494873,1.5242044925689697
5.30049991607666,-1.2006515264511108,1.5038886070251465
5.31526517868042,-1.1899102926254272,1.4907387495040894
5.325690269470215,-1.1886903047561646,1.429298996925354
5.3272905349731445,-1.195143699645996,1.3459069728851318
5.322415828704834,-1.195841908454895,1.265775442123413
5.316816329956055,-1.187691569328308,1.1894967555999756
5.301219940185547,-1.1605584621429443,1.1153424978256226
5.288348197937012,-1.1223046779632568,1.043714165687561
5.274842739105225,-1.04945969581604,0.9743136763572693
5.2676544189453125,-0.9482160210609436,0.9011389017105103
5.264861106872559,-0.8293619751930237,0.8299888968467712
5.263803482055664,-0.7066662907600403,0.7800488471984863
5.252805233001709,-0.5783299207687378,0.7325464487075806
5.232666015625,-0.4646227955818176,0.6868064999580383
5.208442211151123,-0.3661321997642517,0.6436006426811218
5.186898708343506,-0.3093268871307373,0.6037490367889404
5.159317970275879,-0.30854496359825134,0.5897791981697083
5.132906436920166,-0.34720999002456665,0.5819292664527893
5.126817226409912,-0.3860950171947479,0.5780434012413025
5.120774269104004,-0.4077441394329071,0.5700464844703674
5.1221842765808105,-0.4061581790447235,0.5544652342796326
5.129322528839111,-0.3881661295890808,0.5315585732460022
5.1373701095581055,-0.36412957310676575,0.5080693364143372
5.14279842376709,-0.34069690108299255,0.4845818281173706
5.142719268798828,-0.3261825740337372,0.45770493149757385
5.137206077575684,-0.3215494453907013,0.43264973163604736
5.134108543395996,-0.32864561676979065,0.406909316778183
5.1276397705078125,-0.3316939175128937,0.38111433386802673
5.119347095489502,-0.32776349782943726,0.35617104172706604
5.116575717926025,-0.317393034696579,0.3358818292617798
5.116888523101807,-0.30183839797973633,0.3226078152656555
5.123661518096924,-0.29283079504966736,0.32402142882347107
5.128913402557373,-0.28954413533210754,0.32699793577194214
5.1140594482421875,-0.28859415650367737,0.3295119106769562
5.075746059417725,-0.291671484708786,0.3318968117237091
5.0084147453308105,-0.2945460081100464,0.33180373907089233
4.9116740226745605,-0.30082765221595764,0.33155742287635803
4.798930644989014,-0.2974436581134796,0.3279268145561218
4.672182083129883,-0.2993549108505249,0.32141607999801636
4.538359642028809,-0.30854758620262146,0.3147119879722595
4.404486656188965,-0.32400453090667725,0.3383033275604248
4.2632622718811035,-0.3427620232105255,0.3995555639266968
4.125542640686035,-0.35069313645362854,0.4413697421550751
3.987046003341675,-0.3462454378604889,0.47997140884399414
3.8314929008483887,-0.34157443046569824,0.5139034986495972
3.6681084632873535,-0.3374996483325958,0.5336586236953735
3.5111567974090576,-0.34410083293914795,0.5599876642227173
3.3771770000457764,-0.3589479327201843,0.6016123294830322
3.2521257400512695,-0.3686002492904663,0.6480070948600769
3.140242338180542,-0.37172701954841614,0.6682849526405334
3.0348620414733887,-0.3706745207309723,0.708267331123352
2.943622589111328,-0.38629311323165894,0.761864423751831
2.8537075519561768,-0.40361443161964417,0.8186444640159607
2.7675108909606934,-0.42129749059677124,0.8630776405334473
2.689749240875244,-0.4339638948440552,0.8881165385246277
2.6026506423950195,-0.44326668977737427,0.909941554069519
2.5022828578948975,-0.448266863822937,0.9274612665176392
2.387148857116699,-0.4493938684463501,0.9426514506340027
2.268407106399536,-0.4493792951107025,0.9586967825889587
2.161228895187378,-0.44919919967651367,0.9757298231124878
2.0606884956359863,-0.45954588055610657,0.9930121302604675
1.9624135494232178,-0.4711730182170868,1.0103342533111572
1.8464996814727783,-0.48511070013046265,1.0312484502792358
1.7091190814971924,-0.5023848414421082,1.0523582696914673
1.5392515659332275,-0.5173749923706055,1.0781528949737549
1.3449395895004272,-0.524448812007904,1.1047159433364868
1.1573569774627686,-0.5286967754364014,1.1548711061477661
1.0367605686187744,-0.5343270301818848,1.2411965131759644
0.9999616742134094,-0.5353849530220032,1.3326494693756104
1.0249422788619995,-0.5279968976974487,1.4262069463729858
1.0602574348449707,-0.5185136795043945,1.5192073583602905
1.0982904434204102,-0.5136737823486328,1.6113958358764648
1.1085660457611084,-0.5118024349212646,1.7086517810821533
1.0585769414901733,-0.5201574563980103,1.8064016103744507
0.9508737921714783,-0.530917227268219,1.8887412548065186
0.8568300604820251,-0.5397637486457825,1.9132964611053467
0.8442559242248535,-0.5359350442886353,1.915259838104248
0.8384299278259277,-0.5356611013412476,1.9074785709381104
0.8389582633972168,-0.5334060788154602,1.8980880975723267
0.844728946685791,-0.531705915927887,1.889601707458496
0.8529645204544067,-0.5317197442054749,1.8828916549682617
0.860061764717102,-0.5319927334785461,1.8778654336929321
0.8656629920005798,-0.5312836766242981,1.8738425970077515
0.8704028725624084,-0.5305615067481995,1.8707621097564697
0.873953640460968,-0.530052900314331,1.868580937385559
0.8764139413833618,-0.5295873880386353,1.8667188882827759
0.8779314756393433,-0.5293775200843811,1.8648861646652222
0.8786461353302002,-0.529292106628418,1.8633917570114136
0.8790045380592346,-0.5293501019477844,1.862103819847107
0.8793727159500122,-0.529528796672821,1.8607417345046997
0.879999577999115,-0.5297874808311462,1.8594063520431519
0.8801223039627075,-0.5298402309417725,1.8584063053131104
0.8794185519218445,-0.5295238494873047,1.8574074506759644
0.8788215517997742,-0.529275119304657,1.8564262390136719
0.8785418272018433,-0.52922523021698,1.8552714586257935
0.8783403635025024,-0.5292488932609558,1.854212999343872
0.8776895403862,-0.529052734375,1.8535394668579102
0.8763166069984436,-0.5286773443222046,1.8528234958648682
0.8746107816696167,-0.5281726717948914,1.8521133661270142
0.8731766939163208,-0.5277363061904907,1.85153329372406
0.8722283840179443,-0.5274746417999268,1.8511043787002563
0.8714579939842224,-0.5272595882415771,1.850701093673706
0.8706247806549072,-0.5271519422531128,1.8503386974334717
0.8696823120117188,-0.5271762609481812,1.8499336242675781
0.8687345385551453,-0.5273923277854919,1.8496010303497314
0.8677498698234558,-0.5275368690490723,1.8493095636367798
0.8671038150787354,-0.527685821056366,1.848999261856079
0.8666771054267883,-0.5276771187782288,1.8487296104431152
0.8662057518959045,-0.5273857116699219,1.8484019041061401
0.8658668398857117,-0.5269706845283508,1.848131775856018
0.8656145334243774,-0.5266340374946594,1.8479464054107666
0.8651593923568726,-0.526076078414917,1.8477330207824707
0.864145040512085,-0.5254978537559509,1.8476722240447998
0.8630055785179138,-0.5251689553260803,1.8474875688552856
0.8623442053794861,-0.5251359939575195,1.847158670425415
0.8617554903030396,-0.5250002145767212,1.8469147682189941
0.8613033294677734,-0.5248745083808899,1.8467652797698975
0.8610582947731018,-0.5251468420028687,1.846632957458496
0.860584020614624,-0.5252848863601685,1.8465187549591064
0.8602311015129089,-0.525425910949707,1.8462765216827393
0.8601561188697815,-0.5256513357162476,1.84604012966156
0.8613293766975403,-0.5264853239059448,1.845481514930725
0.8627930879592896,-0.5271652936935425,1.8448420763015747
0.8631846308708191,-0.5273562669754028,1.844577670097351
0.8627697229385376,-0.5271474719047546,1.8446872234344482
0.862291693687439,-0.5269132852554321,1.8448665142059326
0.8618772029876709,-0.5269545316696167,1.8449046611785889
0.8708847761154175,-0.5203711986541748,1.7788609266281128
0.8670861124992371,-0.5415197610855103,1.4409494400024414
0.8300832509994507,-0.596904456615448,1.2200336456298828
-0.04612361639738083,-0.03212226927280426,-0.002087542787194252
-0.04626215621829033,-0.03208111599087715,-0.0020228326320648193
-0.046380165964365005,-0.03200678527355194,-0.0019576530903577805
-0.04638261720538139,-0.0320126973092556,-0.0018673427402973175
-0.04636968672275543,-0.031978052109479904,-0.0018672868609428406
-0.04635857418179512,-0.03190210461616516,-0.0018825121223926544
-0.04638497531414032,-0.03187556192278862,-0.0019000228494405746
-0.04641652852296829,-0.03183950483798981,-0.001864572986960411
-0.046477753669023514,-0.031823862344026566,-0.00189300999045372
-0.046565160155296326,-0.03188970685005188,-0.0019557513296604156
-0.046621158719062805,-0.03197530284523964,-0.001969125121831894
-0.04666823893785477,-0.03203364461660385,-0.0019399095326662064
-0.04687054082751274,-0.032018303871154785,-0.0019761864095926285
-0.04708776995539665,-0.0319666750729084,-0.0019066110253334045
-0.0471552275121212,-0.03197118639945984,-0.001866072416305542
-0.04712936282157898,-0.03196769952774048,-0.0018689017742872238
-0.047051720321178436,-0.031968530267477036,-0.0019115060567855835
-0.04700018838047981,-0.03202272206544876,-0.0019021909683942795
-0.046998247504234314,-0.032068755477666855,-0.001907452940940857
-0.047040194272994995,-0.03208015486598015,-0.0019844230264425278
-0.04707435518503189,-0.032063886523246765,-0.0020194780081510544
-0.047096170485019684,-0.03206540644168854,-0.0020326264202594757
-0.047075055539608,-0.0321071520447731,-0.0020838547497987747
-0.04705984145402908,-0.03214911371469498,-0.0021844040602445602
-0.04712222144007683,-0.03212420269846916,-0.002312043681740761
-0.04717906564474106,-0.032102569937705994,-0.0023638419806957245
-0.04716259986162186,-0.03217625245451927,-0.002332424744963646
-0.04715566709637642,-0.0323057547211647,-0.002221871167421341
-0.04712364077568054,-0.03234010562300682,-0.0021193623542785645
-0.04719831049442291,-0.032325100153684616,-0.0021435152739286423
-0.04737083613872528,-0.03221283480525017,-0.0021319910883903503
-0.04752375930547714,-0.032159242779016495,-0.0021071191877126694
-0.04759083688259125,-0.03212592005729675,-0.002162586897611618
-0.04761047661304474,-0.03210008889436722,-0.002224257215857506
-0.04756584390997887,-0.032058365643024445,-0.002247326076030731
-0.047552213072776794,-0.03205379843711853,-0.00222570076584816
-0.047562867403030396,-0.0320558175444603,-0.002196231856942177
-0.04754764586687088,-0.0320359542965889,-0.0021639838814735413
-0.04750595986843109,-0.03204315900802612,-0.0020965468138456345
-0.047487467527389526,-0.03200618922710419,-0.002071170136332512
-0.04752115532755852,-0.03200775384902954,-0.002063065767288208
-0.04759979993104935,-0.032031893730163574,-0.0021088775247335434
-0.04757935181260109,-0.0321175642311573,-0.0021009407937526703
-0.04765797778964043,-0.03217761963605881,-0.0020734313875436783
-0.04776589572429657,-0.03219354897737503,-0.002087576314806938
-0.04783398285508156,-0.03222072497010231,-0.0021376237273216248
-0.04783257097005844,-0.032111287117004395,-0.002139739692211151
-0.04780766740441322,-0.03207343816757202,-0.0021477583795785904
-0.04773944243788719,-0.03207317739725113,-0.0021549873054027557
-0.047700222581624985,-0.032107848674058914,-0.0021837837994098663
-0.047615017741918564,-0.032201461493968964,-0.0021829623728990555
-0.04765335097908974,-0.03227598965167999,-0.002205450087785721
-0.047678522765636444,-0.032217301428318024,-0.002220805734395981
-0.04773378372192383,-0.03223086893558502,-0.0022370442748069763
-0.047827161848545074,-0.03227609023451805,-0.0022820457816123962
-0.04783748462796211,-0.03236136585474014,-0.0023576579988002777
-0.04778668284416199,-0.03234901651740074,-0.0023383349180221558
-0.0478217750787735,-0.03231533616781235,-0.0022579506039619446
-0.047968294471502304,-0.03225026652216911,-0.0022355634719133377
-0.04813152551651001,-0.032165929675102234,-0.00223403237760067
-0.04821021854877472,-0.03211560100317001,-0.0023318063467741013
-0.048291079699993134,-0.03215683996677399,-0.0024241022765636444
-0.04836931824684143,-0.032240770757198334,-0.002487713471055031
-0.04840776324272156,-0.03223952278494835,-0.002511346712708473
-0.0483764223754406,-0.032164596021175385,-0.002464510500431061
-0.04828225448727608,-0.03213430941104889,-0.0024069994688034058
-0.04825088754296303,-0.03211387246847153,-0.0023792777210474014
-0.04825194180011749,-0.032075658440589905,-0.002360057085752487
-0.048254553228616714,-0.03202851861715317,-0.002382652834057808
-0.04830838367342949,-0.03201989829540253,-0.002407250925898552
-0.048331111669540405,-0.03204941749572754,-0.0023438315838575363
-0.048332344740629196,-0.032065778970718384,-0.0023261122405529022
-0.04827257618308067,-0.03204406052827835,-0.002338182181119919
-0.048224952071905136,-0.03203874081373215,-0.002357855439186096
-0.048198897391557693,-0.032019633799791336,-0.002406429499387741
-0.048150960355997086,-0.03197380155324936,-0.002473728731274605
-0.0480373241007328,-0.03197549283504486,-0.002470392733812332
-0.04786045104265213,-0.031988002359867096,-0.0024023931473493576
-0.04776545986533165,-0.03206142783164978,-0.0023841485381126404
-0.04776918143033981,-0.032151784747838974,-0.0023674406111240387
-0.0478711761534214,-0.03216273710131645,-0.002329399809241295
-0.04805131256580353,-0.03218459337949753,-0.0023545734584331512
-0.04812505841255188,-0.03216799348592758,-0.0023527294397354126
-0.048227906227111816,-0.03218713402748108,-0.002349989488720894
-0.04842427000403404,-0.0321517251431942,-0.0023888815194368362
-0.04852445051074028,-0.032055940479040146,-0.0024265144020318985
-0.048606086522340775,-0.03204084932804108,-0.002467051148414612
-0.04867599159479141,-0.03204130753874779,-0.002514168620109558
-0.048640310764312744,-0.03205571696162224,-0.0024928972125053406
-0.048623450100421906,-0.03202783316373825,-0.002445051446557045
-0.04855022579431534,-0.03201397508382797,-0.002371314913034439
-0.04858607426285744,-0.03204866871237755,-0.002358540892601013
-0.04865434765815735,-0.03206178545951843,-0.0023640114814043045
-0.04867008700966835,-0.03206433355808258,-0.0023651160299777985
-0.048652082681655884,-0.03208232671022415,-0.0024177171289920807
-0.04844241961836815,-0.03213346377015114,-0.002522636204957962
-0.04828133434057236,-0.032107602804899216,-0.0025881584733724594
-0.04815370962023735,-0.03209638223052025,-0.0026648733764886856
-0.04820496588945389,-0.03203568980097771,-0.002720380201935768
-0.04833099618554115,-0.03197823464870453,-0.002649204805493355
-0.04849608987569809,-0.03192105144262314,-0.002583671361207962
-0.048669613897800446,-0.0318831168115139,-0.0025985706597566605
-0.04863765090703964,-0.031936366111040115,-0.002589454874396324
-0.048560403287410736,-0.03200991079211235,-0.0026438701897859573
-0.048491667956113815,-0.032070890069007874,-0.0026804301887750626
-0.04832587018609047,-0.03203491121530533,-0.002761729061603546
-0.04823583364486694,-0.03203239291906357,-0.002720130607485771
-0.04823668673634529,-0.03203277289867401,-0.002669926732778549
-0.04828009754419327,-0.0320117212831974,-0.0026969686150550842
-0.04824452102184296,-0.031991146504879,-0.002843424677848816
-0.04821287840604782,-0.03198254108428955,-0.002902507781982422
-0.04834117367863655,-0.031983159482479095,-0.0028547998517751694
-0.04843530058860779,-0.03195560723543167,-0.002799423411488533
-0.0485394150018692,-0.031865887343883514,-0.002765987068414688
-0.04864177107810974,-0.031804438680410385,-0.0026727989315986633
-0.04868596792221069,-0.03179538622498512,-0.0025906581431627274
-0.04867806285619736,-0.03191155567765236,-0.002618817612528801
-0.048668086528778076,-0.031888894736766815,-0.002644849941134453
-0.04872525483369827,-0.03178443759679794,-0.0027010925114154816
-0.04883921146392822,-0.0316866859793663,-0.002657262608408928
-0.04891646280884743,-0.03171922266483307,-0.0026496052742004395
-0.04886860027909279,-0.03179279714822769,-0.002601712942123413
-0.048935048282146454,-0.03189656510949135,-0.002550588920712471
-0.048936426639556885,-0.03192029893398285,-0.0026067961007356644
-0.0488349124789238,-0.03188500180840492,-0.002665827050805092
-0.04882199317216873,-0.0318305566906929,-0.0027125198394060135
-0.04878242313861847,-0.03180437907576561,-0.0027597174048423767
-0.048714302480220795,-0.031831420958042145,-0.0027792975306510925
-0.04865223914384842,-0.03188493475317955,-0.002784043550491333
-0.04860413074493408,-0.031946733593940735,-0.0027859099209308624
-0.048576757311820984,-0.031975194811820984,-0.002760235220193863
-0.04854957014322281,-0.03194741532206535,-0.0027473699301481247
-0.04847031831741333,-0.03189951926469803,-0.002727353945374489
-0.04839988797903061,-0.031789328902959824,-0.002671586349606514
-0.04836452007293701,-0.03169570118188858,-0.0026383884251117706
-0.04837750643491745,-0.031638287007808685,-0.002644237130880356
-0.04849739000201225,-0.03155088052153587,-0.002625979483127594
-0.04853951185941696,-0.031452666968107224,-0.002630697563290596
-0.048470839858055115,-0.03146523982286453,-0.002694457769393921
-0.04847832769155502,-0.03153100609779358,-0.0026725027710199356
-0.04838021844625473,-0.03165450692176819,-0.0026909224689006805
-0.048219602555036545,-0.031821541488170624,-0.002814946696162224
-0.048133060336112976,-0.031853120774030685,-0.0030155591666698456
-0.047980181872844696,-0.0317879356443882,-0.0030891112983226776
-0.047845978289842606,-0.03171129897236824,-0.0030275285243988037
-0.04779605567455292,-0.03164663910865784,-0.0029151421040296555
-0.047783102840185165,-0.031585220247507095,-0.0028193965554237366
-0.04780092090368271,-0.0315808542072773,-0.0028418730944395065
-0.047829918563365936,-0.03169232979416847,-0.0029331427067518234
-0.04781603813171387,-0.03177890554070473,-0.0029566362500190735
-0.04768181964755058,-0.03184489905834198,-0.003018764778971672
-0.047561950981616974,-0.031876929104328156,-0.003106333315372467
-0.04748036339879036,-0.031914278864860535,-0.0031416136771440506
-0.04744115471839905,-0.032013799995183945,-0.0031996741890907288
-0.04746368154883385,-0.03210349380970001,-0.00325625017285347
-0.04756530374288559,-0.0321999117732048,-0.003314046189188957
-0.04759784787893295,-0.03225606679916382,-0.0033287908881902695
-0.047510672360658646,-0.03226814419031143,-0.003302568569779396
-0.04749321937561035,-0.03221476078033447,-0.0032976362854242325
-0.04745766147971153,-0.03225858509540558,-0.003325005993247032
-0.047497671097517014,-0.03219735249876976,-0.0033666174858808517
-0.04761664569377899,-0.03217528387904167,-0.0034087039530277252
-0.04765582084655762,-0.032168108969926834,-0.003359965980052948
-0.04764747619628906,-0.03221845626831055,-0.0033644791692495346
-0.04770885780453682,-0.032299622893333435,-0.0033842697739601135
-0.04767628014087677,-0.032338909804821014,-0.0033672302961349487
-0.04768545925617218,-0.03230898454785347,-0.0034024380147457123
-0.04770805686712265,-0.03230860084295273,-0.003407590091228485
-0.04772009700536728,-0.03232280910015106,-0.003392983227968216
-0.04769636690616608,-0.03229137510061264,-0.0034040119498968124
-0.04770275577902794,-0.032304998487234116,-0.0034877583384513855
-0.047694794833660126,-0.03227336332201958,-0.003551369532942772
-0.04769689589738846,-0.032191552221775055,-0.003526659682393074
-0.047707147896289825,-0.03219352290034294,-0.003524377942085266
-0.04769159480929375,-0.03225218877196312,-0.0035148952156305313
-0.047693826258182526,-0.032232314348220825,-0.003463923931121826
-0.047715023159980774,-0.03212135285139084,-0.003439018502831459
-0.04772572964429855,-0.032068461179733276,-0.0034977756440639496
-0.04769402742385864,-0.03200961649417877,-0.003559274598956108
-0.04764328524470329,-0.032007887959480286,-0.003519916906952858
-0.04759848117828369,-0.031998347491025925,-0.0034776199609041214
-0.04747145250439644,-0.03198276460170746,-0.00341668538749218
-0.04736123979091644,-0.03196324408054352,-0.0033983085304498672
-0.047237664461135864,-0.031992778182029724,-0.0034667421132326126
-0.04723586142063141,-0.031989093869924545,-0.0034844521433115005
-0.0473153255879879,-0.031928688287734985,-0.0034644585102796555
-0.04733361676335335,-0.03187049552798271,-0.003476083278656006
-0.04744189605116844,-0.03185749799013138,-0.0034619346261024475
-0.047511935234069824,-0.0318136140704155,-0.003428669646382332
-0.04764912649989128,-0.031731411814689636,-0.0033451300114393234
-0.04772491380572319,-0.03161618113517761,-0.003261720761656761
-0.04767446219921112,-0.031707506626844406,-0.0032103415578603745
-0.04771623760461807,-0.03177409619092941,-0.0032434556633234024
-0.047728851437568665,-0.03176933154463768,-0.0032283924520015717
-0.0477394163608551,-0.031741030514240265,-0.003178481012582779
-0.04780123010277748,-0.03172697126865387,-0.0032380037009716034
-0.047734275460243225,-0.03166260942816734,-0.003237266093492508
-0.04768773913383484,-0.031677305698394775,-0.0033278483897447586
-0.047710902988910675,-0.03173312917351723,-0.0033856313675642014
-0.04767831414937973,-0.03176038712263107,-0.003428814932703972
-0.047696154564619064,-0.031739916652441025,-0.0034547988325357437
-0.047682199627161026,-0.031754232943058014,-0.0035244226455688477
-0.04757139831781387,-0.03175605833530426,-0.003518134355545044
-0.04747392237186432,-0.03177694231271744,-0.003501979634165764
-0.047353971749544144,-0.03184179216623306,-0.003447430208325386
-0.047258324921131134,-0.03187217190861702,-0.0034192372113466263
-0.04719432443380356,-0.031890105456113815,-0.0034075267612934113
-0.04717418551445007,-0.03185048699378967,-0.0034283623099327087
-0.0471884086728096,-0.031820148229599,-0.003391943871974945
-0.04719793424010277,-0.03179013356566429,-0.0033202040940523148
-0.04720255732536316,-0.031786441802978516,-0.0032377298921346664
-0.04727749153971672,-0.03169509768486023,-0.0031875576823949814
-0.04741077125072479,-0.031554460525512695,-0.0031901877373456955
-0.047488026320934296,-0.03152155876159668,-0.003164360299706459
-0.047575708478689194,-0.031500112265348434,-0.003026198595762253
-0.04755045473575592,-0.03154145926237106,-0.002941802144050598
-0.04746278002858162,-0.03165813535451889,-0.002920825034379959
-0.04733679071068764,-0.03182029351592064,-0.0028848741203546524
-0.04726178199052811,-0.0318806990981102,-0.002925679087638855
-0.047309331595897675,-0.03185686469078064,-0.003001142293214798
-0.04727665334939957,-0.031859785318374634,-0.003088640049099922
-0.04718394577503204,-0.03197861090302467,-0.003192031756043434
-0.047091495245695114,-0.03211274370551109,-0.0032683666795492172
-0.047123298048973083,-0.03216719627380371,-0.00331263430416584
-0.04714889079332352,-0.032137464731931686,-0.003371844068169594
-0.047170307487249374,-0.03210674971342087,-0.0034446287900209427
-0.04715271294116974,-0.03206661716103554,-0.0034792982041835785
-0.04723283648490906,-0.032027751207351685,-0.0034487154334783554
-0.04729580879211426,-0.03189390152692795,-0.0034096278250217438
-0.047374747693538666,-0.03173331916332245,-0.0034113749861717224
-0.04752515256404877,-0.03158460184931755,-0.0033488422632217407
-0.047564297914505005,-0.03154047578573227,-0.003298744559288025
-0.047585416585206985,-0.031544849276542664,-0.003251144662499428
-0.0476066991686821,-0.03151664882898331,-0.0032843351364135742
-0.04753996804356575,-0.03149809688329697,-0.003311077132821083
-0.0474141389131546,-0.0314747653901577,-0.003291195258498192
-0.047281909734010696,-0.03146449103951454,-0.0032281428575515747
-0.04709339514374733,-0.031529512256383896,-0.0032201167196035385
-0.04712510481476784,-0.031646184623241425,-0.0033340509980916977
-0.04721491411328316,-0.03175755590200424,-0.0033919252455234528
-0.047271329909563065,-0.031806979328393936,-0.0033856909722089767
-0.047371432185173035,-0.03175967186689377,-0.003283407539129257
-0.04739875718951225,-0.03175581991672516,-0.0032341815531253815
-0.04739219695329666,-0.03173784539103508,-0.0033019762486219406
-0.04734622314572334,-0.03176683932542801,-0.0033362023532390594
-0.047253526747226715,-0.03178604319691658,-0.003362465649843216
-0.04713188484311104,-0.031806234270334244,-0.0034433137625455856
-0.04697862267494202,-0.03186257556080818,-0.003538716584444046
-0.04677295684814453,-0.031941525638103485,-0.0035953857004642487
-0.046578846871852875,-0.031961649656295776,-0.0036121029406785965
-0.046474557369947433,-0.03208261355757713,-0.0036536213010549545
-0.04650428518652916,-0.03221625089645386,-0.0036827195435762405
-0.04665926843881607,-0.03223210945725441,-0.0036685168743133545
-0.0468505397439003,-0.032131608575582504,-0.0036326460540294647
-0.04695313423871994,-0.03208690136671066,-0.0035713575780391693
-0.04693296551704407,-0.03209014609456062,-0.00356258824467659
-0.04688447713851929,-0.032123591750860214,-0.0036250874400138855
-0.046820443123579025,-0.032117996364831924,-0.003696255385875702
-0.046784598380327225,-0.03212248906493187,-0.0036894232034683228
-0.04678474739193916,-0.03212975710630417,-0.003638971596956253
-0.046799808740615845,-0.032085709273815155,-0.003644470125436783
-0.046882446855306625,-0.0320848748087883,-0.003679996356368065
-0.04699068143963814,-0.032033465802669525,-0.0037338025867938995
-0.047160882502794266,-0.03205070272088051,-0.0037191007286310196
-0.0472220815718174,-0.032118577510118484,-0.003702562302350998
-0.04726385697722435,-0.032046929001808167,-0.003681398928165436
-0.04718361422419548,-0.0319957360625267,-0.003688294440507889
-0.047106049954891205,-0.032012466341257095,-0.003598710522055626
-0.04719018563628197,-0.03196288272738457,-0.003595000132918358
-0.04730852693319321,-0.03196056932210922,-0.0035789236426353455
-0.04738710820674896,-0.031939417123794556,-0.003557763993740082
-0.04741619527339935,-0.03190287947654724,-0.0035906564444303513
-0.04735168442130089,-0.031966160982847214,-0.00363796204328537
-0.04728802293539047,-0.03198244422674179,-0.003573380410671234
-0.04718313738703728,-0.03189060091972351,-0.0035372693091630936
-0.04714486747980118,-0.031868964433670044,-0.0034835096448659897
-0.04713040962815285,-0.031857673078775406,-0.0034188199788331985
-0.04717506840825081,-0.03180940821766853,-0.003402791917324066
-0.04735288769006729,-0.03171209618449211,-0.0033722855150699615
-0.04749004542827606,-0.03165239095687866,-0.0033200569450855255
-0.04758113622665405,-0.03168754652142525,-0.003356821835041046
-0.047610703855752945,-0.03171292319893837,-0.00341029092669487
-0.04762613773345947,-0.03179284185171127,-0.0034616366028785706
-0.04771880805492401,-0.03190832957625389,-0.0035013090819120407
-0.04772180691361427,-0.03192301094532013,-0.0034983232617378235
-0.047761932015419006,-0.031918011605739594,-0.0035897046327590942
-0.047823261469602585,-0.0319172702729702,-0.003750419244170189
-0.04784934222698212,-0.03191391006112099,-0.0037990976125001907
-0.04793032258749008,-0.03200649842619896,-0.00376274436712265
-0.04794900491833687,-0.03202798217535019,-0.003715749830007553
-0.047909706830978394,-0.03207650035619736,-0.0036389008164405823
-0.04784003645181656,-0.03209879621863365,-0.0036656036972999573
-0.04774530231952667,-0.03210766240954399,-0.003674665465950966
-0.04772719740867615,-0.032099224627017975,-0.0036931969225406647
-0.04771275073289871,-0.032105520367622375,-0.003738079220056534
-0.04768848791718483,-0.03207956999540329,-0.0037577860057353973
-0.04767082631587982,-0.03198447823524475,-0.0037680286914110184
-0.047650229185819626,-0.03193945810198784,-0.0037832576781511307
-0.04750954732298851,-0.03194791078567505,-0.003848876804113388
-0.047381170094013214,-0.03204160928726196,-0.004032419994473457
-0.047269996255636215,-0.03221599757671356,-0.004135658964514732
-0.04723493009805679,-0.032309263944625854,-0.004169955849647522
-0.047284044325351715,-0.03225969895720482,-0.004148717969655991
-0.047337908297777176,-0.0322219654917717,-0.0041484832763671875
-0.047389693558216095,-0.03219813108444214,-0.004131864756345749
-0.04737578332424164,-0.03214849904179573,-0.004097132012248039
-0.04729456454515457,-0.03213999420404434,-0.004088353365659714
-0.04727195203304291,-0.03212481737136841,-0.004076030105352402
-0.04721779376268387,-0.032186783850193024,-0.004189833998680115
-0.04716349393129349,-0.032127223908901215,-0.004254132509231567
-0.04716505855321884,-0.031923264265060425,-0.0042977891862392426
-0.0472409725189209,-0.031916726380586624,-0.004268413409590721
-0.04724251106381416,-0.031985893845558167,-0.004196614027023315
-0.0472383089363575,-0.03203818202018738,-0.0041445475071668625
-0.04724765568971634,-0.03205128386616707,-0.004129018634557724
-0.04723268747329712,-0.03214258700609207,-0.004049435257911682
-0.047257158905267715,-0.032215334475040436,-0.0040357038378715515
-0.047332193702459335,-0.03220944106578827,-0.004097834229469299
-0.047404415905475616,-0.032267116010189056,-0.004123292863368988
-0.04754094406962395,-0.03231951594352722,-0.004142621532082558
-0.04753847047686577,-0.03226175159215927,-0.004226012155413628
-0.0475882850587368,-0.03222362697124481,-0.004379423335194588
-0.04762788861989975,-0.03214576467871666,-0.004374228417873383
-0.047702856361866,-0.03202011063694954,-0.004256084561347961
-0.04771089926362038,-0.031937986612319946,-0.004114678129553795
-0.047674760222435,-0.03193798288702965,-0.004037996754050255
-0.04764610528945923,-0.031947217881679535,-0.00402548722922802
-0.04771154746413231,-0.0318746492266655,-0.0039961375296115875
-0.047847531735897064,-0.031736504286527634,-0.0039191097021102905
-0.048122286796569824,-0.03159438073635101,-0.0038652829825878143
-0.04838885739445686,-0.031490571796894073,-0.003834279254078865
-0.048549361526966095,-0.031496234238147736,-0.003796551376581192
-0.048746198415756226,-0.03149447590112686,-0.003654319792985916
-0.04881773516535759,-0.03142942115664482,-0.003529980778694153
-0.048764996230602264,-0.0314115434885025,-0.0035677850246429443
-0.048674095422029495,-0.03136978670954704,-0.003595912829041481
-0.048482947051525116,-0.031460270285606384,-0.0036782193928956985
-0.04822988063097,-0.03154150769114494,-0.0036989115178585052
-0.048063840717077255,-0.03162239119410515,-0.0036853067576885223
-0.04797922819852829,-0.031710270792245865,-0.0036744773387908936
-0.04797746241092682,-0.031709685921669006,-0.003660544753074646
-0.04805303364992142,-0.03162741661071777,-0.0037007834762334824
-0.04794422537088394,-0.031580083072185516,-0.0037743858993053436
-0.04781787842512131,-0.03164683282375336,-0.0038631614297628403
-0.04758349806070328,-0.03173964098095894,-0.00393112376332283
-0.047429829835891724,-0.031795620918273926,-0.004036605358123779
-0.04729359969496727,-0.0319141149520874,-0.004115208983421326
-0.04715793952345848,-0.03202318027615547,-0.004148092120885849
-0.047025371342897415,-0.03211202472448349,-0.004230959340929985
-0.04690570756793022,-0.03216053545475006,-0.0042773038148880005
-0.046805787831544876,-0.032212916761636734,-0.0043373797088861465
-0.04664136469364166,-0.032157596200704575,-0.0043831150978803635
-0.04651966318488121,-0.032060325145721436,-0.004400128498673439
-0.046331100165843964,-0.032110948115587234,-0.004510076716542244
-0.046252887696027756,-0.032150331884622574,-0.004529634490609169
-0.0462510883808136,-0.0320751890540123,-0.004557337611913681
-0.04636187478899956,-0.03196586295962334,-0.004494220018386841
-0.046431876718997955,-0.03191728889942169,-0.00446571409702301
-0.046478308737277985,-0.03195543959736824,-0.004405036568641663
-0.04653123393654823,-0.03196508809924126,-0.004391983151435852
-0.046628132462501526,-0.03199421614408493,-0.004402931779623032
-0.04675761237740517,-0.03200265020132065,-0.004390133544802666
-0.046719953417778015,-0.03210700675845146,-0.004391191527247429
-0.04659094661474228,-0.032160647213459015,-0.004371296614408493
-0.046653829514980316,-0.032015424221754074,-0.004303686320781708
-0.0466943122446537,-0.03199710324406624,-0.004183581098914146
-0.0467848964035511,-0.031969841569662094,-0.004212450236082077
-0.04676106572151184,-0.03193332627415657,-0.004219014197587967
-0.046749260276556015,-0.0318889282643795,-0.004272773861885071
-0.04676695913076401,-0.031769417226314545,-0.004315674304962158
-0.046812836080789566,-0.03163816034793854,-0.004314560443162918
-0.046867918223142624,-0.03166307508945465,-0.004331251606345177
-0.046825334429740906,-0.03171376511454582,-0.004383234307169914
-0.04681482911109924,-0.031706660985946655,-0.00433834083378315
-0.04679500684142113,-0.03173749893903732,-0.0042680129408836365
-0.046768806874752045,-0.03173820301890373,-0.004227729514241219
-0.0466899648308754,-0.031672436743974686,-0.004314759746193886
-0.046554818749427795,-0.031674258410930634,-0.004454169422388077
-0.04655265808105469,-0.03170464187860489,-0.004441538825631142
-0.04657776653766632,-0.031769439578056335,-0.004364676773548126
-0.04664625972509384,-0.03172488510608673,-0.004355156794190407
-0.04669377952814102,-0.03173678368330002,-0.004380393773317337
-0.04673847183585167,-0.03170474246144295,-0.004391297698020935
-0.04684910178184509,-0.03161397576332092,-0.004424376413226128
-0.046863287687301636,-0.03157772123813629,-0.004447540268301964
-0.04678204283118248,-0.0316285714507103,-0.004460619762539864
-0.04673241823911667,-0.031757812947034836,-0.004476757720112801
-0.046582698822021484,-0.031827811151742935,-0.004489263519644737
-0.04646184667944908,-0.03187943249940872,-0.004535885527729988
-0.046348556876182556,-0.03201121836900711,-0.004588153213262558
-0.046334147453308105,-0.03208572790026665,-0.0046058520674705505
-0.04631052538752556,-0.03212512657046318,-0.004602229222655296
-0.04640763998031616,-0.032111216336488724,-0.004593249410390854
-0.04660424590110779,-0.032059893012046814,-0.00461471825838089
-0.04668087512254715,-0.03202623873949051,-0.004583327099680901
-0.04670635610818863,-0.03202153742313385,-0.004544371739029884
-0.04667720943689346,-0.03203209489583969,-0.004532502964138985
-0.046635862439870834,-0.03206093981862068,-0.00454339012503624
-0.04660460352897644,-0.03208957985043526,-0.004595840349793434
-0.04658464714884758,-0.03211132064461708,-0.004675909876823425
-0.04652320593595505,-0.03211387246847153,-0.004774186760187149
-0.04646526649594307,-0.03214183822274208,-0.004870260134339333
-0.04647519439458847,-0.03214242681860924,-0.005010906606912613
-0.04646272957324982,-0.0321691520512104,-0.004966378211975098
-0.04650763049721718,-0.0321572944521904,-0.004836762323975563
-0.0465833842754364,-0.0320902019739151,-0.004787364974617958
-0.04665730893611908,-0.032018180936574936,-0.004690038040280342
-0.04678254947066307,-0.0318366214632988,-0.004507845267653465
-0.04685550928115845,-0.03170553594827652,-0.00436394102871418
-0.04688025638461113,-0.03169122338294983,-0.004339760169386864
-0.04693876579403877,-0.03169834613800049,-0.004385229200124741
-0.047025952488183975,-0.03161820024251938,-0.004340490326285362
-0.04710027575492859,-0.031553007662296295,-0.004311203956604004
-0.047168828547000885,-0.03153812512755394,-0.0043471865355968475
-0.04722802713513374,-0.03153057396411896,-0.004374545067548752
-0.0471816249191761,-0.03158523887395859,-0.004386339336633682
-0.04712975025177002,-0.03162736818194389,-0.004354963079094887
-0.0470755510032177,-0.031680215150117874,-0.004317067563533783
-0.04702536761760712,-0.03172241523861885,-0.004294300451874733
-0.047027017921209335,-0.031783632934093475,-0.004246799275279045
-0.04716399312019348,-0.03175128623843193,-0.004237022250890732
-0.04725172370672226,-0.03167932480573654,-0.0041666533797979355
-0.04721764475107193,-0.03162228316068649,-0.004097579047083855
-0.04715511202812195,-0.0314675010740757,-0.004071485251188278
-0.047213662415742874,-0.03136725351214409,-0.004042711108922958
-0.04738684743642807,-0.03134920075535774,-0.004060924053192139
-0.047491319477558136,-0.03134804219007492,-0.004168381914496422
-0.04748542606830597,-0.03135901689529419,-0.004316655918955803
-0.04755041375756264,-0.03141196817159653,-0.004351252689957619
-0.04758270084857941,-0.03142515569925308,-0.004292149096727371
-0.04753349721431732,-0.03138677775859833,-0.004228647798299789
-0.047550056129693985,-0.0312991589307785,-0.004157835617661476
-0.04751156270503998,-0.031212661415338516,-0.00419078953564167
-0.047515008598566055,-0.03112081065773964,-0.0041524190455675125
-0.04743773862719536,-0.031056657433509827,-0.004159793257713318
-0.047326069325208664,-0.03104078397154808,-0.0041746050119400024
-0.04726934805512428,-0.031010715290904045,-0.0041182879358530045
-0.047183990478515625,-0.031065305694937706,-0.004018362611532211
-0.04720696061849594,-0.0311221182346344,-0.004005905240774155
-0.04731389135122299,-0.031141608953475952,-0.00404735654592514
-0.04739559069275856,-0.031209256500005722,-0.004080122336745262
-0.04726007953286171,-0.03138969466090202,-0.004202336072921753
-0.047115132212638855,-0.03157147765159607,-0.004420759156346321
-0.04708205163478851,-0.03169332817196846,-0.00459711067378521
-0.047067176550626755,-0.03177250176668167,-0.004660513252019882
-0.0471046008169651,-0.03183929622173309,-0.004676679149270058
-0.04706419259309769,-0.03187555819749832,-0.00467558391392231
-0.04696010425686836,-0.03188607469201088,-0.004659133031964302
-0.04704010486602783,-0.031826239079236984,-0.0046625565737485886
-0.04715853929519653,-0.03178640082478523,-0.004637621343135834
-0.04725341871380806,-0.03173549473285675,-0.004545064643025398
-0.04731890559196472,-0.03170812129974365,-0.004426548257470131
-0.04736343026161194,-0.03167841583490372,-0.004389520734548569
-0.04740218073129654,-0.03160765767097473,-0.004391061142086983
-0.04729323089122772,-0.031571369618177414,-0.004400394856929779
-0.04729349911212921,-0.031500183045864105,-0.004352962598204613
-0.047381140291690826,-0.031294506043195724,-0.004232481122016907
-0.047451287508010864,-0.031164275482296944,-0.0041870977729558945
-0.04733825474977493,-0.03122388944029808,-0.004219602793455124
-0.047161005437374115,-0.03137289732694626,-0.004291076213121414
-0.0471174530684948,-0.03151358664035797,-0.004302438348531723
-0.04710257425904274,-0.03153173625469208,-0.004312578588724136
-0.04710518196225166,-0.03151269629597664,-0.004318041726946831
-0.04709860682487488,-0.03152768313884735,-0.004371302202343941
-0.047157250344753265,-0.03141631931066513,-0.00435955636203289
-0.04719553887844086,-0.03122679702937603,-0.004237731918692589
-0.04716692864894867,-0.031141243875026703,-0.004129072651267052
-0.04709668830037117,-0.03115641325712204,-0.004119591787457466
-0.04709000885486603,-0.03114999458193779,-0.004091028124094009
-0.04702641814947128,-0.031082777306437492,-0.004073780030012131
-0.047055020928382874,-0.031042758375406265,-0.004110908135771751
-0.04711411893367767,-0.03101900964975357,-0.00421518087387085
-0.047156814485788345,-0.031008638441562653,-0.004207860678434372
-0.04728401452302933,-0.030891994014382362,-0.004063714295625687
-0.047502752393484116,-0.030804699286818504,-0.003913624212145805
-0.04758870601654053,-0.030854415148496628,-0.00389070063829422
-0.04764704033732414,-0.03093910962343216,-0.00390809029340744
-0.047668326646089554,-0.03105020709335804,-0.00396038219332695
-0.047710120677948,-0.031225532293319702,-0.004055187106132507
-0.047719985246658325,-0.031349316239356995,-0.004219822585582733
-0.04778820276260376,-0.031434740871191025,-0.004343656823039055
-0.04779866337776184,-0.031520433723926544,-0.004403224214911461
-0.047780733555555344,-0.03155633062124252,-0.00445970706641674
-0.04777030646800995,-0.03156951442360878,-0.004476726055145264
-0.04782978072762489,-0.031576331704854965,-0.004458565264940262
-0.04782142862677574,-0.03160327672958374,-0.004536693915724754
-0.04781617224216461,-0.031608738005161285,-0.004617316648364067
-0.04781276732683182,-0.03160598874092102,-0.004624772816896439
-0.047783054411411285,-0.03159335255622864,-0.004596441984176636
-0.0477495901286602,-0.03155664727091789,-0.004586758092045784
-0.04772341996431351,-0.03147892653942108,-0.004572497680783272
-0.04768827557563782,-0.031413622200489044,-0.004541514441370964
-0.047666385769844055,-0.03146103024482727,-0.004590127617120743
-0.047596901655197144,-0.03151543065905571,-0.004644779488444328
-0.047468021512031555,-0.031548403203487396,-0.004619542509317398
-0.047460269182920456,-0.03153441846370697,-0.0045442525297403336
-0.047539085149765015,-0.03152564913034439,-0.004480576142668724
-0.04759953171014786,-0.03158552944660187,-0.004516821354627609
-0.04764040187001228,-0.03154594451189041,-0.004589807242155075
-0.047715626657009125,-0.03151479363441467,-0.0046379175037145615
-0.04772113263607025,-0.03155848756432533,-0.004628779366612434
-0.047677308320999146,-0.03161034733057022,-0.004624299705028534
-0.04759347811341286,-0.03160592168569565,-0.004633517935872078
-0.047577954828739166,-0.03172970190644264,-0.004613356664776802
-0.0476238951086998,-0.03189660608768463,-0.004652880132198334
-0.04761335626244545,-0.03196386620402336,-0.004681902006268501
-0.04773201048374176,-0.03193986788392067,-0.004772139713168144
-0.04780486226081848,-0.031905628740787506,-0.004760889336466789
-0.04784371703863144,-0.03185801953077316,-0.004778865724802017
-0.047794077545404434,-0.03173166513442993,-0.004846939817070961
-0.04772018641233444,-0.03156125172972679,-0.004960015416145325
-0.04759981855750084,-0.031386926770210266,-0.004983041435480118
-0.0475519597530365,-0.0313396193087101,-0.0049332622438669205
-0.04752381518483162,-0.03144782781600952,-0.0049494002014398575
-0.0474725067615509,-0.03158256411552429,-0.004960089921951294
-0.04754980653524399,-0.031512126326560974,-0.004906930029392242
-0.0476032979786396,-0.03143654391169548,-0.004815084859728813
-0.04768688604235649,-0.031327128410339355,-0.004707438871264458
-0.0477970726788044,-0.031276412308216095,-0.0046109389513731
-0.04784547537565231,-0.031290583312511444,-0.004502899944782257
-0.04790884256362915,-0.0312517024576664,-0.004318151623010635
-0.04809556156396866,-0.03121989220380783,-0.004210950806736946
-0.04816344380378723,-0.031214209273457527,-0.004091300070285797
-0.04805421084165573,-0.031166279688477516,-0.004020499065518379
-0.047909583896398544,-0.031186116859316826,-0.0039712656289339066
-0.047953858971595764,-0.031177904456853867,-0.0039901211857795715
-0.048121750354766846,-0.031169645488262177,-0.004007108509540558
-0.04808672145009041,-0.031223274767398834,-0.004043875262141228
-0.04800888150930405,-0.03127368912100792,-0.004077116027474403
-0.04802968353033066,-0.0313311368227005,-0.004135036841034889
-0.04799310863018036,-0.03148658201098442,-0.004317149519920349
-0.04788468778133392,-0.03159742057323456,-0.004480395466089249
-0.0477888248860836,-0.03162572532892227,-0.004533754661679268
-0.04777354747056961,-0.03165952116250992,-0.004585180431604385
-0.04771723225712776,-0.031731121242046356,-0.0046456363052129745
-0.04753875732421875,-0.031798701733350754,-0.004681769758462906
-0.04736294597387314,-0.03193722665309906,-0.004915788769721985
-0.04723556339740753,-0.0321219228208065,-0.005186803638935089
-0.0471540167927742,-0.032218702137470245,-0.0053487177938222885
-0.04722844809293747,-0.03222280740737915,-0.0054033007472753525
-0.04718906432390213,-0.0322810560464859,-0.005415026098489761
-0.04712766408920288,-0.03226960450410843,-0.00543871708214283
-0.047101400792598724,-0.03223233297467232,-0.005377147346735001
-0.04706127196550369,-0.03221273422241211,-0.005358569324016571
-0.04710697382688522,-0.03220750391483307,-0.005290737375617027
-0.047166068106889725,-0.03222707659006119,-0.005172589793801308
-0.04729394242167473,-0.03225294500589371,-0.005035931244492531
-0.04733166843652725,-0.03224949911236763,-0.004988810047507286
-0.04729795828461647,-0.03214088827371597,-0.004992004483938217
-0.047369297593832016,-0.031982384622097015,-0.004994526505470276
-0.04742705449461937,-0.03178822249174118,-0.004911892116069794
-0.04737332835793495,-0.03170400485396385,-0.004896247759461403
-0.047275058925151825,-0.03178349882364273,-0.004914114251732826
-0.04722563177347183,-0.03184477239847183,-0.004910340532660484
-0.04712924361228943,-0.03185514733195305,-0.004978477954864502
-0.04712045565247536,-0.03189712390303612,-0.005009347572922707
-0.047151029109954834,-0.031991951167583466,-0.005118394270539284
-0.047167982906103134,-0.032000843435525894,-0.0051580555737018585
-0.047195009887218475,-0.031944096088409424,-0.005140502005815506
-0.04714671149849892,-0.03193468227982521,-0.005128709599375725
-0.04704232141375542,-0.031986165791749954,-0.005156377330422401
-0.04695362597703934,-0.03196066990494728,-0.005181912332773209
-0.04695155471563339,-0.031922273337841034,-0.00519392266869545
-0.046964190900325775,-0.03192218393087387,-0.005265390500426292
-0.04691240191459656,-0.03195155784487724,-0.005353624001145363
-0.046860627830028534,-0.03203866630792618,-0.00543520413339138
-0.04685265198349953,-0.03208690509200096,-0.005462614819407463
-0.04680067300796509,-0.032065946608781815,-0.005553197115659714
-0.04666699841618538,-0.0320616140961647,-0.005626143887639046
-0.04661909118294716,-0.03199097514152527,-0.005597272887825966
-0.04661561921238899,-0.03193826973438263,-0.0055534373968839645
-0.04667479917407036,-0.03187856823205948,-0.005477510392665863
-0.04682588204741478,-0.03178135305643082,-0.005314940586686134
-0.04691428691148758,-0.03173340857028961,-0.005171492695808411
-0.046988505870103836,-0.03180834650993347,-0.00517941452562809
-0.04701647162437439,-0.03178943321108818,-0.005227524787187576
-0.04711006581783295,-0.03179222345352173,-0.005276516079902649
-0.04715194180607796,-0.03182869404554367,-0.005380665883421898
-0.04718836396932602,-0.03187744319438934,-0.005429646000266075
-0.04723908379673958,-0.03194395452737808,-0.005461832508444786
-0.04732277989387512,-0.03195677697658539,-0.0055021196603775024
-0.047287337481975555,-0.031909797340631485,-0.005584046244621277
-0.04731736704707146,-0.03173648938536644,-0.005657283589243889
-0.0475597158074379,-0.03166351094841957,-0.0058729276061058044
-0.0475662499666214,-0.03170635178685188,-0.005950462073087692
-0.04726829752326012,-0.031853482127189636,-0.005805462598800659
-0.04685058817267418,-0.03199391067028046,-0.005667129531502724
-0.04657546803355217,-0.03206153213977814,-0.005665944889187813
-0.0465504415333271,-0.03201664984226227,-0.005730992183089256
-0.046516962349414825,-0.03202196955680847,-0.005702495574951172
-0.046486746519804,-0.0320727713406086,-0.00568184070289135
-0.046502016484737396,-0.03211817517876625,-0.00563177652657032
-0.046204324811697006,-0.031970590353012085,-0.006232220679521561
-0.04918862134218216,-0.03443897143006325,-0.04451078921556473
-0.034592341631650925,-0.03184230253100395,-0.14856991171836853
-0.012906599789857864,-0.028464337810873985,-0.2364717721939087
-0.0015434250235557556,-0.026415051892399788,-0.31769508123397827
-0.006577637046575546,-0.028049904853105545,-0.3958626091480255
-0.020701413974165916,-0.03484712913632393,-0.4721921682357788
-0.034910332411527634,-0.04022382199764252,-0.5406824350357056
-0.04667685553431511,-0.04395167902112007,-0.5864269733428955
-0.05372777208685875,-0.04449595510959625,-0.6277509927749634
-0.05247107148170471,-0.04264512658119202,-0.6594879627227783
-0.04290648177266121,-0.03994225710630417,-0.6785991191864014
-0.030953440815210342,-0.03575178608298302,-0.6953468322753906
-0.01063578948378563,-0.03661087900400162,-0.711557149887085
0.011804882436990738,-0.03852793574333191,-0.7289075255393982
0.03135622665286064,-0.04182033985853195,-0.7455365061759949
0.05117909237742424,-0.04383782297372818,-0.7453243136405945
0.08810804039239883,-0.04446612671017647,-0.745139479637146
0.16610080003738403,-0.04664890468120575,-0.7447440028190613
0.2067999690771103,-0.04411620646715164,-0.7390407919883728
0.23453456163406372,-0.015547553077340126,-0.7336033582687378
0.2602456212043762,0.03544838726520538,-0.7288446426391602
0.28191930055618286,0.10459201037883759,-0.7246431708335876
0.29885390400886536,0.177459254860878,-0.7210375070571899
0.31564968824386597,0.21966630220413208,-0.717332124710083
0.3296947181224823,0.2299530804157257,-0.7168387174606323
0.3424209952354431,0.22885632514953613,-0.7186815142631531
0.35296931862831116,0.22725620865821838,-0.7191200852394104
0.3610776364803314,0.22173628211021423,-0.7132187485694885
0.37384331226348877,0.21874003112316132,-0.7071523070335388
0.41890135407447815,0.21852558851242065,-0.6998711824417114
0.48624974489212036,0.21916405856609344,-0.6931430101394653
0.5853922963142395,0.2196577489376068,-0.6849035024642944
0.7014710903167725,0.21747706830501556,-0.676131546497345
0.8143723011016846,0.21392464637756348,-0.6651196479797363
0.9176836609840393,0.21085336804389954,-0.6541882157325745
1.0117803812026978,0.20474456250667572,-0.6496080756187439
1.1055363416671753,0.20387104153633118,-0.6442102789878845
1.197509527206421,0.20514200627803802,-0.639128565788269
1.282165288925171,0.20484969019889832,-0.6351824998855591
1.3605797290802002,0.2018502950668335,-0.6314998269081116
1.4357786178588867,0.20245161652565002,-0.6266112923622131
1.5104312896728516,0.19285701215267181,-0.6252599358558655
1.583651065826416,0.1788976937532425,-0.6239989399909973
1.6553616523742676,0.17391043901443481,-0.6204265356063843
1.7360435724258423,0.18614116311073303,-0.6138485670089722
1.819323182106018,0.19575902819633484,-0.6088970899581909
1.8967949151992798,0.2031646966934204,-0.6030067205429077
1.9764416217803955,0.20506379008293152,-0.5978091955184937
2.0549960136413574,0.20819859206676483,-0.5923402309417725
2.126833438873291,0.20847253501415253,-0.5885158777236938
2.1720643043518066,0.20595499873161316,-0.5862208008766174
2.1874067783355713,0.20482996106147766,-0.5854496955871582
2.1962108612060547,0.21632803976535797,-0.5849863290786743
2.2018802165985107,0.22804684937000275,-0.5835171341896057
2.208035707473755,0.224720299243927,-0.5821312069892883
2.2189106941223145,0.23392736911773682,-0.5819334387779236
2.2279138565063477,0.24328909814357758,-0.5806728601455688
2.2355058193206787,0.24807050824165344,-0.5813738107681274
2.2431161403656006,0.24291937053203583,-0.584442675113678
2.2459235191345215,0.2279995083808899,-0.5922021269798279
2.2409071922302246,0.21606487035751343,-0.6023640036582947
2.234679937362671,0.20862123370170593,-0.6080694794654846
2.238844394683838,0.20079168677330017,-0.6098178029060364
2.2705414295196533,0.1932086944580078,-0.6107270121574402
2.3494162559509277,0.18254883587360382,-0.602990448474884
2.4477434158325195,0.1878165453672409,-0.5973118543624878
2.5799436569213867,0.1847124993801117,-0.6004571318626404
2.7305970191955566,0.17395557463169098,-0.6007012724876404
2.8764307498931885,0.160170316696167,-0.5973674058914185
3.0212888717651367,0.14581264555454254,-0.5964169502258301
3.1611995697021484,0.12866292893886566,-0.5925173759460449
3.2963943481445312,0.11836004257202148,-0.5902827382087708
3.414820432662964,0.11664552986621857,-0.587295413017273
3.513857841491699,0.11725436896085739,-0.5883827805519104
3.5667779445648193,0.12200552225112915,-0.5909789800643921
3.584261417388916,0.1277584582567215,-0.5913909077644348
3.5919175148010254,0.13214489817619324,-0.5916662216186523
3.593167543411255,0.1344526708126068,-0.5932509303092957
3.5932462215423584,0.13169413805007935,-0.5941069722175598
3.5928170680999756,0.12620531022548676,-0.5944298505783081
3.590167760848999,0.11754510551691055,-0.5950955152511597
3.5931341648101807,0.11951752007007599,-0.5956155061721802
3.5972964763641357,0.12399206310510635,-0.5975234508514404
3.606112241744995,0.12818288803100586,-0.6008644700050354
3.609902858734131,0.128413587808609,-0.6031919121742249
3.6187782287597656,0.13298474252223969,-0.6052134037017822
3.627668857574463,0.1316807121038437,-0.6036584377288818
3.668074131011963,0.13555827736854553,-0.6041958332061768
3.7451725006103516,0.13612940907478333,-0.6043015718460083
3.827766180038452,0.12901397049427032,-0.6045090556144714
3.9120514392852783,0.11517143994569778,-0.6022042036056519
4.003323078155518,0.10583791136741638,-0.5986301302909851
4.088230609893799,0.10147759318351746,-0.5972384810447693
4.172514915466309,0.1012001782655716,-0.5969967246055603
4.253201961517334,0.10272334516048431,-0.5974022150039673
4.324240207672119,0.10996624082326889,-0.5998587012290955
4.390018463134766,0.12056947499513626,-0.6015826463699341
4.452845096588135,0.12799647450447083,-0.6020430326461792
4.508111953735352,0.13149361312389374,-0.6029054522514343
4.547074317932129,0.12955570220947266,-0.6014859676361084
4.557106018066406,0.12886621057987213,-0.6000479459762573
4.563918590545654,0.1269390881061554,-0.599182665348053
4.569903373718262,0.11757694184780121,-0.5960611701011658
4.576800346374512,0.10846151411533356,-0.5933706760406494
4.58685827255249,0.10186655819416046,-0.5921019315719604
4.584606647491455,0.09623615443706512,-0.5979931354522705
4.575289726257324,0.09424695372581482,-0.6041351556777954
4.574422359466553,0.09859466552734375,-0.609156608581543
4.571401119232178,0.1057354211807251,-0.6105833053588867
4.56898307800293,0.10768039524555206,-0.6124846935272217
4.563787937164307,0.11755281686782837,-0.6178746223449707
4.551516532897949,0.12719234824180603,-0.599163830280304
4.538943767547607,0.12979909777641296,-0.5508632659912109
4.529047012329102,0.12387261539697647,-0.5317087769508362
4.541123390197754,0.115279421210289,-0.5289143323898315
4.5437188148498535,0.0813322365283966,-0.5293968915939331
4.538352012634277,0.02403813973069191,-0.5338250398635864
4.5276336669921875,-0.03632554039359093,-0.5387728214263916
4.514925956726074,-0.085819311439991,-0.5403138399124146
4.5072021484375,-0.10750526189804077,-0.5145164728164673
4.490598201751709,-0.1194336861371994,-0.4629902243614197
4.485281944274902,-0.12447895854711533,-0.4354582130908966
4.477076053619385,-0.13588351011276245,-0.4105926752090454
4.483919143676758,-0.14706361293792725,-0.388695627450943
4.493834018707275,-0.1609794795513153,-0.3703337013721466
4.486856937408447,-0.20659080147743225,-0.3492482304573059
4.474714279174805,-0.2649904489517212,-0.326854944229126
4.461520671844482,-0.33932167291641235,-0.3055170178413391
4.445246696472168,-0.39235836267471313,-0.2839898467063904
4.43961763381958,-0.40002650022506714,-0.27587607502937317
4.437562465667725,-0.3998766541481018,-0.27393418550491333
4.447053909301758,-0.39938443899154663,-0.27573293447494507
4.501168251037598,-0.39222532510757446,-0.27732664346694946
4.530131816864014,-0.41335344314575195,-0.27884772419929504
4.545902729034424,-0.49977225065231323,-0.2759349048137665
4.5583014488220215,-0.61696857213974,-0.27652812004089355
4.5679755210876465,-0.7521753311157227,-0.2787298262119293
4.580715179443359,-0.8850312232971191,-0.2786257565021515
4.593976020812988,-1.006272554397583,-0.27695325016975403
4.6063127517700195,-1.1347655057907104,-0.2760365903377533
4.5991530418396,-1.2179993391036987,-0.27621251344680786
4.583698272705078,-1.2431321144104004,-0.2728089690208435
4.590907096862793,-1.2453995943069458,-0.26283887028694153
4.5901923179626465,-1.2526218891143799,-0.2558531165122986
4.593090057373047,-1.2481515407562256,-0.2545585036277771
4.595230579376221,-1.2486296892166138,-0.2668834328651428
4.5852861404418945,-1.2291427850723267,-0.2765771448612213
4.573477268218994,-1.1968635320663452,-0.2787275016307831
4.581082820892334,-1.1465116739273071,-0.2780587673187256
4.581973075866699,-1.073831558227539,-0.2806771695613861
4.583963394165039,-0.988654613494873,-0.2811790108680725
4.570010185241699,-0.8767301440238953,-0.2818288505077362
4.565310955047607,-0.7600746750831604,-0.28037649393081665
4.542586326599121,-0.6390824913978577,-0.2796163558959961
4.528477191925049,-0.5269694328308105,-0.28231558203697205
4.508794784545898,-0.4322414994239807,-0.2840098738670349
4.488862991333008,-0.3675464689731598,-0.28602129220962524
4.4683637619018555,-0.3375743329524994,-0.28851473331451416
4.446919918060303,-0.34090760350227356,-0.2865931987762451
4.428536415100098,-0.3480794429779053,-0.2849890887737274
4.417033672332764,-0.35125383734703064,-0.28291574120521545
4.4208149909973145,-0.34636643528938293,-0.2825542092323303
4.434152603149414,-0.34049278497695923,-0.2811172604560852
4.45221471786499,-0.3402869999408722,-0.28122958540916443
4.450015544891357,-0.3418285846710205,-0.281742125749588
4.445500373840332,-0.33722275495529175,-0.2815573811531067
4.442587375640869,-0.3318363130092621,-0.2804214656352997
4.446314811706543,-0.33923572301864624,-0.2796223759651184
4.448893070220947,-0.34815239906311035,-0.27779343724250793
4.4500885009765625,-0.35507383942604065,-0.2760508060455322
4.455015659332275,-0.35911014676094055,-0.27883365750312805
4.455458164215088,-0.3678024411201477,-0.2804510295391083
4.4493231773376465,-0.3800482153892517,-0.28197428584098816
4.447405815124512,-0.38632869720458984,-0.282544881105423
4.442591667175293,-0.3786802887916565,-0.27995380759239197
4.425846576690674,-0.370055615901947,-0.2782544195652008
4.3877482414245605,-0.37907564640045166,-0.27744725346565247
4.3270440101623535,-0.38388314843177795,-0.2765946090221405
4.255007266998291,-0.38458138704299927,-0.2781922519207001
4.205602645874023,-0.3844107985496521,-0.28266996145248413
4.190306663513184,-0.37032806873321533,-0.2834240794181824
4.17686653137207,-0.3469661772251129,-0.2822733521461487
4.166976451873779,-0.31232085824012756,-0.279365599155426
4.1508026123046875,-0.2733144760131836,-0.28380274772644043
4.117640495300293,-0.24046660959720612,-0.2853994369506836
4.075517654418945,-0.21546174585819244,-0.2845427095890045
4.0120649337768555,-0.19042223691940308,-0.2807670831680298
3.9263079166412354,-0.16912665963172913,-0.27866265177726746
3.832878828048706,-0.15415775775909424,-0.2778681814670563
3.724590301513672,-0.13937464356422424,-0.2764456570148468
3.608109951019287,-0.13706648349761963,-0.27693459391593933
3.4860382080078125,-0.1347745656967163,-0.2777217924594879
3.3520631790161133,-0.13239911198616028,-0.2798015773296356
3.2179031372070312,-0.11780683696269989,-0.2789483666419983
3.0878167152404785,-0.09514154493808746,-0.27842870354652405
2.9711666107177734,-0.080284483730793,-0.2798103094100952
2.8570101261138916,-0.07362130284309387,-0.2798668444156647
2.746493339538574,-0.07170258462429047,-0.28218573331832886
2.6425113677978516,-0.06768248975276947,-0.2850534915924072
2.5403003692626953,-0.06821846216917038,-0.28301119804382324
2.449864625930786,-0.07388374209403992,-0.2788975238800049
2.3643903732299805,-0.07778915017843246,-0.2740408480167389
2.2836992740631104,-0.08032158017158508,-0.27250128984451294
2.2087037563323975,-0.08067585527896881,-0.2716515064239502
2.1327261924743652,-0.08078799396753311,-0.27162763476371765
2.0641496181488037,-0.07178095728158951,-0.2757343351840973
1.9919160604476929,-0.061097756028175354,-0.280593603849411
1.9194915294647217,-0.03436683863401413,-0.28308409452438354
1.8377139568328857,-0.02227506972849369,-0.2807601988315582
1.749415636062622,-0.02466895431280136,-0.25259825587272644
1.6605576276779175,-0.025165792554616928,-0.1940058022737503
1.565824270248413,-0.01764209382236004,-0.12861856818199158
1.4680900573730469,-0.006657099351286888,-0.0628281682729721
1.3640435934066772,0.0026918500661849976,0.005019227042794228
1.2553422451019287,0.01444805134087801,0.09351102262735367
1.1320255994796753,0.029741160571575165,0.2070380002260208
1.0630745887756348,0.03768577799201012,0.2068932056427002
1.0545696020126343,0.0364554189145565,0.20551414787769318
1.0374151468276978,0.03772861510515213,0.2126169204711914
1.0237057209014893,0.04037436097860336,0.22061127424240112
1.0135282278060913,0.043115049600601196,0.22696509957313538
1.006996750831604,0.04534988850355148,0.23160970211029053
1.0040037631988525,0.04671657830476761,0.23542460799217224
1.0036548376083374,0.0477973036468029,0.23884007334709167
1.0045549869537354,0.048594795167446136,0.24133551120758057
1.005470633506775,0.049114033579826355,0.243195042014122
1.0061959028244019,0.049413666129112244,0.24495576322078705
1.006574273109436,0.04999870806932449,0.24615955352783203
1.0066261291503906,0.05062112957239151,0.2470208704471588
1.0066512823104858,0.05129498615860939,0.2477792501449585
1.0068036317825317,0.05194033682346344,0.24815504252910614
1.006752610206604,0.05243749916553497,0.24871250987052917
1.0064709186553955,0.052560679614543915,0.24961426854133606
1.0061638355255127,0.052509721368551254,0.25054338574409485
1.0057804584503174,0.05241404473781586,0.2510986030101776
1.0056246519088745,0.052303247153759,0.2512751817703247
1.0056143999099731,0.05238616466522217,0.2513595521450043
1.0055886507034302,0.05251450836658478,0.25147107243537903
1.0053902864456177,0.05281442031264305,0.2513750195503235
1.0052738189697266,0.05292414128780365,0.25107935070991516
1.0050570964813232,0.05285872519016266,0.25091642141342163
1.003921627998352,0.05258607864379883,0.25088441371917725
1.0023399591445923,0.05237036943435669,0.2507835924625397
1.0008587837219238,0.052302002906799316,0.2507155239582062
0.9995219111442566,0.05245351046323776,0.25081145763397217
0.9985169768333435,0.05254872143268585,0.2511439919471741
0.9979894757270813,0.052691273391246796,0.25147107243537903
0.9974104166030884,0.053023986518383026,0.2515820264816284
0.9967378973960876,0.05345873162150383,0.251518189907074
0.9962392449378967,0.05375731736421585,0.2513046860694885
0.9959448575973511,0.053700633347034454,0.2512081563472748
0.9960665702819824,0.0536615327000618,0.2511342465877533
0.9963601231575012,0.05392799526453018,0.2508479952812195
0.9961344003677368,0.054624512791633606,0.2503648102283478
0.9956497550010681,0.05516940355300903,0.24990981817245483
0.9951121211051941,0.05535547435283661,0.24963128566741943
0.9951162338256836,0.05542818456888199,0.24956458806991577
0.9955109357833862,0.055189114063978195,0.2497231811285019
0.9956917762756348,0.0549824982881546,0.2498161792755127
0.9956353902816772,0.0550486221909523,0.24973419308662415
0.9953675866127014,0.05522060766816139,0.24959853291511536
0.9950752854347229,0.05535446107387543,0.24964070320129395
0.9952004551887512,0.055324487388134,0.24985718727111816
0.9956713914871216,0.055540621280670166,0.2501002252101898
0.996626615524292,0.05582297593355179,0.25029709935188293
0.998031735420227,0.055932577699422836,0.2503241002559662
0.9992315769195557,0.055917397141456604,0.2502674162387848
0.999709963798523,0.05604923889040947,0.25019571185112
0.9999464154243469,0.05610412359237671,0.250064492225647
0.9999677538871765,0.056267671287059784,0.2499052733182907
0.9995707869529724,0.05672995373606682,0.24965906143188477
0.9990344047546387,0.05714601278305054,0.24933083355426788
0.9986643195152283,0.05747070163488388,0.24912041425704956
0.9986454248428345,0.057613205164670944,0.24902057647705078
0.9988694787025452,0.05758607015013695,0.2489456832408905
0.9992591738700867,0.05743078887462616,0.24901805818080902
0.999668538570404,0.057126834988594055,0.24908310174942017
1.0001202821731567,0.05681990459561348,0.24886322021484375
1.0003563165664673,0.0566246435046196,0.24855996668338776
1.0001658201217651,0.05667904019355774,0.24826942384243011
1.0000227689743042,0.056947432458400726,0.24821129441261292
0.9997538328170776,0.05739828199148178,0.24836134910583496
0.9994804263114929,0.058083366602659225,0.24830828607082367
0.9993948340415955,0.05876263231039047,0.24785363674163818
0.9993013143539429,0.059269048273563385,0.24716149270534515
0.9991630911827087,0.05967361479997635,0.24656282365322113
0.9994491338729858,0.059829115867614746,0.24642561376094818
1.0000615119934082,0.05975055694580078,0.24665693938732147
1.000730276107788,0.05949819087982178,0.24699877202510834
1.0013536214828491,0.05907238647341728,0.24722445011138916
1.0017642974853516,0.058648619800806046,0.2472728043794632
1.0017975568771362,0.05860389769077301,0.24710804224014282
1.001617193222046,0.05870063602924347,0.2471650242805481
1.0015408992767334,0.0586852952837944,0.24733635783195496
1.0017359256744385,0.05849440395832062,0.24740266799926758
1.0020867586135864,0.05824729800224304,0.24736377596855164
1.0024785995483398,0.05808182433247566,0.24753469228744507
